input,Rust,C++
50000,41.5250000000,55.4700000000
100000,103.3680000000,117.5450000000
150000,265.3030000000,280.4940000000
200000,587.2270000000,604.1840000000
250000,1133.6570000000,1153.6020000000
