input,Rust,C++
50000,38.6288526581,50.7072779206
100000,99.9432942532,112.3150487485
150000,261.9046002658,275.2219011254
200000,583.6029239356,599.5353800827
250000,1131.0447371976,1149.8171054337
