input,Rust,C++
100000000,1.4844114843,1.6681669930
150000000,3.0716181078,4.4771132414
200000000,5.4847136071,7.4318468294
250000000,8.0594626037,11.3465504777
300000000,11.0686326113,15.0919792536
350000000,14.4207232688,20.0329311072
400000000,18.2655227024,25.8371819134
450000000,22.2348852219,32.2092539541
500000000,26.7967424269,38.9809235975
