input,Rust,C++
100000000,1.5150000000,2.1920000000
150000000,3.5150000000,5.1460000000
200000000,5.9520000000,8.5680000000
250000000,8.9000000000,12.8040000000
300000000,12.3090000000,17.6600000000
350000000,15.9420000000,23.1460000000
400000000,19.9570000000,29.1420000000
450000000,24.3240000000,35.7840000000
500000000,29.1360000000,43.0720000000
